bucket,id,condition,n_chunks,correct,raw_answer,target,total_tokens,peak_context_tokens,cost_usd,part_a_correct,part_a_real_input_tokens,part_a_cost_usd
256k,41,isolate,3,False,NOT FOUND,bedroom,248432,83342,0.062115,True,246894,0.06176175
256k,41,summary,3,False,NOT FOUND,bedroom,249946,83356,0.063345,True,246894,0.06176175
256k,42,isolate,3,False,New York,garden,246971,82466,0.062077,False,245047,0.061663600000000006
256k,42,summary,3,False,NOT FOUND,garden,247995,82480,0.062836,False,245047,0.061663600000000006
256k,43,isolate,3,True,bathroom,bathroom,244422,81669,0.061136,False,242853,0.060758700000000006
256k,43,summary,3,False,NOT FOUND,bathroom,245719,81683,0.0622,False,242853,0.060758700000000006
256k,44,isolate,3,False,Cathedral,kitchen,235293,78431,0.059382,True,233095,0.0585484
256k,44,summary,3,False,NOT FOUND,kitchen,236304,78445,0.060131,True,233095,0.0585484
256k,45,isolate,3,True,bedroom,bedroom,249958,83621,0.062651,False,248247,0.0621708
256k,45,summary,3,False,NOT FOUND,bedroom,251333,83635,0.063751,False,248247,0.0621708
256k,46,isolate,3,True,office,office,246187,82045,0.061718,True,244461,0.061304700000000004
256k,46,summary,3,False,NOT FOUND,office,247548,82059,0.062756,True,244461,0.061304700000000004
256k,47,isolate,3,True,bathroom,bathroom,232861,78232,0.058346,True,231181,0.0578599
256k,47,summary,3,False,drawing room,bathroom,234538,78246,0.059867,True,231181,0.0578599
256k,48,isolate,3,False,bathroom,bedroom,249407,83012,0.06245,False,247745,0.0621329
256k,48,summary,3,False,NOT FOUND,bedroom,250838,83026,0.06363,False,247745,0.0621329
256k,49,isolate,3,True,office,office,243746,81850,0.061034,False,242102,0.060532550000000004
256k,49,summary,3,True,office,office,245013,81864,0.062052,False,242102,0.060532550000000004
256k,50,isolate,3,False,St. Nicholas Hotel,garden,248776,83251,0.062416,True,246956,0.06185285
256k,50,summary,3,False,cellar,garden,250066,83265,0.063518,True,246956,0.06185285
256k,51,isolate,3,True,kitchen,kitchen,231574,77988,0.057918,True,230015,0.0575108
256k,51,summary,3,True,kitchen,kitchen,233039,78002,0.059116,True,230015,0.0575108
256k,52,isolate,3,True,bathroom,bathroom,239236,79862,0.059981,True,237502,0.05938255
256k,52,summary,3,False,NOT FOUND,bathroom,240435,79876,0.060947,True,237502,0.05938255
256k,53,isolate,3,False,NOT FOUND,hallway,242478,81209,0.060738,True,240799,0.0603484
256k,53,summary,3,False,NOT FOUND,hallway,243809,81223,0.061808,True,240799,0.0603484
256k,54,isolate,3,True,garden,garden,231657,77988,0.057972,False,230059,0.057605800000000006
256k,54,summary,3,True,garden,garden,232905,78002,0.058951,False,230059,0.057605800000000006
256k,55,isolate,3,False,bedroom,hallway,242074,80916,0.060792,False,240247,0.060167200000000004
256k,55,summary,3,False,NOT FOUND,hallway,243291,80930,0.061702,False,240247,0.060167200000000004
256k,56,isolate,3,True,bathroom,bathroom,237354,79412,0.059357,True,235801,0.0590077
256k,56,summary,3,False,NOT FOUND,bathroom,238764,79426,0.060535,True,235801,0.0590077
256k,57,isolate,3,True,garden,garden,248288,82648,0.06209,True,246732,0.06168885
256k,57,summary,3,True,garden,garden,249471,82662,0.063015,True,246732,0.06168885
256k,58,isolate,3,True,office,office,248084,82595,0.062024,True,246540,0.06169485
256k,58,summary,3,True,office,office,249291,82609,0.062972,True,246540,0.06169485
256k,59,isolate,3,False,garden,bathroom,246266,82081,0.061676,True,244613,0.0611603
256k,59,summary,3,False,NOT FOUND,bathroom,247548,82095,0.062713,True,244613,0.0611603
256k,60,isolate,3,True,bathroom,bathroom,248264,82663,0.062069,True,246719,0.0616868
256k,60,summary,3,True,bathroom,bathroom,249555,82677,0.063077,True,246719,0.0616868
512k,1,isolate,6,True,garden,garden,490273,82102,0.122857,False,486836,0.24354910000000002
512k,1,summary,6,False,bathroom,garden,492501,82116,0.124561,False,486836,0.24354910000000002
512k,2,isolate,6,True,bedroom,bedroom,477118,79979,0.119327,True,473919,0.2370402
512k,2,summary,6,True,bedroom,bedroom,479826,79993,0.121484,True,473919,0.2370402
512k,3,isolate,6,True,bathroom,bathroom,472745,80047,0.118489,False,469298,0.23465950000000002
512k,3,summary,6,False,kitchen,bathroom,475080,80061,0.120307,False,469298,0.23465950000000002
512k,4,isolate,6,False,bathroom,bedroom,493703,83686,0.124145,True,489757,0.24511580000000002
512k,4,summary,6,False,NOT FOUND,bedroom,495584,83700,0.125411,True,489757,0.24511580000000002
512k,5,isolate,6,True,kitchen,kitchen,482338,80544,0.120615,True,479195,0.2396656
512k,5,summary,6,True,kitchen,kitchen,485132,80558,0.122778,True,479195,0.2396656
512k,6,isolate,6,True,bathroom,bathroom,470267,79212,0.117641,True,467072,0.2336365
512k,6,summary,6,True,bathroom,bathroom,472797,79226,0.119582,True,467072,0.2336365
512k,7,isolate,6,False,NOT FOUND,hallway,489525,82791,0.122529,True,486263,0.2432824
512k,7,summary,6,False,NOT FOUND,hallway,492101,82805,0.124552,True,486263,0.2432824
512k,8,isolate,6,False,NOT FOUND,garden,491361,82288,0.1229,True,488192,0.24417129999999998
512k,8,summary,6,False,NOT FOUND,garden,494247,82302,0.125193,True,488192,0.24417129999999998
512k,9,isolate,6,True,bathroom,bathroom,500388,83924,0.125171,False,497197,0.24860900000000002
512k,9,summary,6,False,NOT FOUND,bathroom,502926,83938,0.127179,False,497197,0.24860900000000002
512k,10,isolate,6,True,bathroom,bathroom,483922,81522,0.121181,True,480600,0.2403861
512k,10,summary,6,False,NOT FOUND,bathroom,486437,81536,0.123171,True,480600,0.2403861
512k,21,isolate,6,True,bathroom,bathroom,498162,83993,0.124871,True,494657,0.247652
512k,21,summary,6,False,NOT FOUND,bathroom,500375,84007,0.126516,True,494657,0.247652
512k,22,isolate,6,True,kitchen,kitchen,467652,80069,0.117007,True,464431,0.232309
512k,22,summary,6,False,NOT FOUND,kitchen,470407,80083,0.119218,True,464431,0.232309
512k,23,isolate,6,False,NOT FOUND,kitchen,499640,84160,0.12505,True,496383,0.248895
512k,23,summary,6,False,NOT FOUND,kitchen,502218,84174,0.127083,True,496383,0.248895
512k,24,isolate,6,True,kitchen,kitchen,459864,78363,0.115172,True,456527,0.22856
512k,24,summary,6,True,kitchen,kitchen,462385,78377,0.117092,True,456527,0.22856
512k,25,isolate,6,True,bedroom,bedroom,483164,81268,0.120852,True,479986,0.240054
512k,25,summary,6,False,NOT FOUND,bedroom,485801,81282,0.122932,True,479986,0.240054
512k,26,isolate,6,True,office,office,488306,82044,0.122747,True,484434,0.242494
512k,26,summary,6,False,den,office,490425,82058,0.124253,True,484434,0.242494
512k,27,isolate,6,True,bathroom,bathroom,490054,82065,0.122579,False,486869,0.243515
512k,27,summary,6,True,bathroom,bathroom,492737,82079,0.12474,False,486869,0.243515
512k,28,isolate,6,True,kitchen,kitchen,498903,83689,0.125119,True,495290,0.248053
512k,28,summary,6,False,NOT FOUND,kitchen,501032,83703,0.126729,True,495290,0.248053
512k,29,isolate,6,False,bathroom,office,500248,84178,0.125143,False,497050,0.248829
512k,29,summary,6,False,NOT FOUND,office,502816,84192,0.12716,False,497050,0.248829
512k,30,isolate,6,True,office,office,496748,83346,0.124268,False,493541,0.247082
512k,30,summary,6,False,bathroom,office,499203,83360,0.126275,False,493541,0.247082
768k,11,isolate,8,True,kitchen,kitchen,771044,98165,0.192872,True,766814,0.3834175
768k,11,summary,8,True,kitchen,kitchen,774572,98179,0.195589,True,766814,0.3834175
768k,12,isolate,8,True,garden,garden,770659,98492,0.192888,True,766266,0.3832533
768k,12,summary,8,False,NOT FOUND,garden,773905,98506,0.195453,True,766266,0.3832533
768k,13,isolate,8,True,hallway,hallway,771084,98257,0.193145,False,766569,0.3837936
768k,13,summary,8,False,NOT FOUND,hallway,774364,98271,0.195623,False,766569,0.3837936
768k,14,isolate,8,True,bedroom,bedroom,772291,97542,0.193641,True,767462,0.3838693
768k,14,summary,8,True,bedroom,bedroom,775345,97556,0.195927,True,767462,0.3838693
768k,15,isolate,8,False,hallway,bathroom,770429,98789,0.192931,False,765921,0.3830484
768k,15,summary,8,False,NOT FOUND,bathroom,773584,98803,0.195356,False,765921,0.3830484
768k,16,isolate,8,True,office,office,771115,98132,0.192906,False,766815,0.38349720000000004
768k,16,summary,8,False,NOT FOUND,office,774703,98146,0.195703,False,766815,0.38349720000000004
768k,17,isolate,8,True,hallway,hallway,771099,98178,0.192983,True,766712,0.3833665
768k,17,summary,8,False,NOT FOUND,hallway,774576,98192,0.195702,True,766712,0.3833665
768k,18,isolate,8,True,bedroom,bedroom,772390,97365,0.193575,False,767697,0.3840138
768k,18,summary,8,False,cellar,bedroom,775471,97379,0.19594,False,767697,0.3840138
768k,19,isolate,8,False,office,garden,771896,97396,0.193119,False,767574,0.3837975
768k,19,summary,8,False,NOT FOUND,garden,775439,97410,0.195868,False,767574,0.3837975
768k,20,isolate,8,True,hallway,hallway,772781,97405,0.194082,False,767605,0.3846266
768k,20,summary,8,False,NOT FOUND,hallway,775519,97419,0.195953,False,767605,0.3846266
768k,31,isolate,8,True,bathroom,bathroom,770443,98928,0.193285,False,765520,0.383152
768k,31,summary,8,False,NOT FOUND,bathroom,773534,98942,0.195538,False,765520,0.383152
768k,32,isolate,8,True,bedroom,bedroom,771750,97569,0.193057,True,767460,0.383784
768k,32,summary,8,True,bedroom,bedroom,775359,97583,0.195848,True,767460,0.383784
768k,33,isolate,8,True,office,office,771915,98185,0.193781,True,766766,0.383636
768k,33,summary,8,False,NOT FOUND,office,774620,98199,0.195781,True,766766,0.383636
768k,34,isolate,8,True,garden,garden,769903,99028,0.192821,False,765358,0.3831
768k,34,summary,8,False,NOT FOUND,garden,773303,99042,0.195496,False,765358,0.3831
768k,35,isolate,8,True,bathroom,bathroom,771348,97783,0.192943,False,767070,0.383609
768k,35,summary,8,False,NOT FOUND,bathroom,774743,97797,0.195655,False,767070,0.383609
768k,36,isolate,8,True,kitchen,kitchen,771409,97771,0.193306,True,766765,0.383602
768k,36,summary,8,False,NOT FOUND,kitchen,774545,97785,0.195643,True,766765,0.383602
768k,37,isolate,8,True,office,office,772038,97261,0.19308,False,767791,0.383906
768k,37,summary,8,True,office,office,775632,97275,0.195966,False,767791,0.383906
768k,38,isolate,8,True,bathroom,bathroom,771455,97540,0.192927,False,767207,0.383765
768k,38,summary,8,True,bathroom,bathroom,775271,97554,0.195943,False,767207,0.383765
768k,39,isolate,8,True,hallway,hallway,770728,98279,0.192826,True,766412,0.383265
768k,39,summary,8,True,hallway,hallway,774345,98293,0.195667,True,766412,0.383265
768k,40,isolate,8,False,bivouac,office,771320,98464,0.193525,True,766313,0.383324
768k,40,summary,8,True,office,office,774197,98478,0.195567,True,766313,0.383324
